#SPTOOL_AQM CMAQ,,,
VOC,TOG,1007,1
VOC,TOG,95820,1.002314
VOC,TOG,95829,1
VOC,TOG,95830,1
VOC,TOG,95831,1
VOC,TOG,95832,1
VOC,TOG,95833,1
VOC,TOG,95834,1
VOC,TOG,95835,1
VOC,TOG,95836,1
VOC,TOG,95838,1.081833123
